keyword,t_client_ms,t_server_ms,request_size,proof_size,result_count,timestamp,success,error_msg
1998,1,97.5415,431,2829,4,2025-12-30 12:47:46,true,
Interviews,0,84.268,431,1128,1,2025-12-30 12:47:46,true,
Urgent,0,85.9145,431,1130,1,2025-12-30 12:47:47,true,
WTI,0,83.6008,431,1697,2,2025-12-30 12:47:47,true,
access,0,110.176,431,6799,11,2025-12-30 12:47:47,true,
account,0,90.9486,431,2264,3,2025-12-30 12:47:47,true,
acquiring,0,83.9344,431,1694,2,2025-12-30 12:47:47,true,
action,0,91.9286,431,1699,2,2025-12-30 12:47:47,true,
action-items,0,85.2839,431,1128,1,2025-12-30 12:47:48,true,
actionitems,0,88.9307,431,1128,1,2025-12-30 12:47:48,true,
address,0,93.0404,431,2832,4,2025-12-30 12:47:48,true,
adjustment,0,97.872,431,1130,1,2025-12-30 12:47:48,true,
admin,0,90.823,431,1697,2,2025-12-30 12:47:48,true,
adminissues,0,93.0216,431,1130,1,2025-12-30 12:47:48,true,
aga,0,114.416,431,4531,7,2025-12-30 12:47:49,true,
agreement,0,118.038,431,4528,7,2025-12-30 12:47:49,true,
agreements,0,103.869,431,2264,3,2025-12-30 12:47:49,true,
aig,0,86.5463,431,1127,1,2025-12-30 12:47:49,true,
ak钢,0,85.9999,431,1128,1,2025-12-30 12:47:49,true,
alarm,0,95.8082,431,3395,5,2025-12-30 12:47:49,true,
allocation,0,87.7024,431,1694,2,2025-12-30 12:47:50,true,
als,0,133.334,431,1694,2,2025-12-30 12:47:50,true,
alumni,0,108.6,431,1127,1,2025-12-30 12:47:50,true,
amendment,0,94.7031,431,1695,2,2025-12-30 12:47:50,true,
america,0,83.5294,431,1128,1,2025-12-30 12:47:50,true,
american express,0,88.2087,431,1128,1,2025-12-30 12:47:51,true,
americanexpress,0,92.1154,431,1128,1,2025-12-30 12:47:51,true,
analysis,0,90.9034,431,1128,1,2025-12-30 12:47:51,true,
andy,0,87.96,431,1695,2,2025-12-30 12:47:51,true,
anthem,0,87.903,431,1692,2,2025-12-30 12:47:51,true,
anthrax,0,88.1924,431,1128,1,2025-12-30 12:47:51,true,
aol,0,90.3844,431,1693,2,2025-12-30 12:47:52,true,
apartments,0,84.785,431,1128,1,2025-12-30 12:47:52,true,
apb,0,86.3505,431,1128,1,2025-12-30 12:47:52,true,
api,0,85.232,431,1128,1,2025-12-30 12:47:52,true,
apology,0,101.607,431,4524,7,2025-12-30 12:47:52,true,
appointment,0,88.471,431,1695,2,2025-12-30 12:47:52,true,
approach,0,90.1519,431,2259,3,2025-12-30 12:47:53,true,
approval,0,102.205,431,5098,8,2025-12-30 12:47:53,true,
approve,0,89.7171,431,1128,1,2025-12-30 12:47:53,true,
argentina,0,95.5314,431,1128,1,2025-12-30 12:47:53,true,
argument,0,92.2296,431,1128,1,2025-12-30 12:47:53,true,
arnold,0,89.5382,431,1128,1,2025-12-30 12:47:53,true,
article,0,107.742,431,5662,9,2025-12-30 12:47:53,true,
asshole,0,89.3033,431,1695,2,2025-12-30 12:47:54,true,
astros,0,92.4443,431,1694,2,2025-12-30 12:47:54,true,
attendee,0,100.563,431,3396,5,2025-12-30 12:47:54,true,
attendees,0,91.4488,431,1697,2,2025-12-30 12:47:54,true,
auction,0,87.3965,431,1126,1,2025-12-30 12:47:54,true,
australia,0,93.4537,431,2262,3,2025-12-30 12:47:55,true,
autoTrader,0,89.0197,431,1128,1,2025-12-30 12:47:55,true,
availability,0,90.3353,431,1128,1,2025-12-30 12:47:55,true,
award,0,89.9262,431,1128,1,2025-12-30 12:47:55,true,
b2b,0,112.447,431,1128,1,2025-12-30 12:47:55,true,
baby,0,110.048,431,2829,4,2025-12-30 12:47:55,true,
babysitter,0,94.5865,431,1126,1,2025-12-30 12:47:56,true,
back,0,93.9318,431,1128,1,2025-12-30 12:47:56,true,
back-office,0,98.0178,431,2258,3,2025-12-30 12:47:56,true,
backoffice,0,93.3765,431,1130,1,2025-12-30 12:47:56,true,
bailey,0,92.911,431,1130,1,2025-12-30 12:47:56,true,
ball valves,0,98.3572,431,1128,1,2025-12-30 12:47:56,true,
ball-valves,0,98.8564,431,1127,1,2025-12-30 12:47:57,true,
baltimore,0,98.9919,431,3396,5,2025-12-30 12:47:57,true,
banc,0,90.1701,431,1128,1,2025-12-30 12:47:57,true,
band-aid,0,90.309,431,1694,2,2025-12-30 12:47:57,true,
bank,0,106.794,431,2831,4,2025-12-30 12:47:57,true,
baresignatures,0,105.945,431,1126,1,2025-12-30 12:47:57,true,
baseball,0,112.632,431,3962,6,2025-12-30 12:47:58,true,
basis,0,113.087,431,4526,7,2025-12-30 12:47:58,true,
basketball,0,104.012,431,1128,1,2025-12-30 12:47:58,true,
bb,0,92.9069,431,1128,1,2025-12-30 12:47:58,true,
bbgame,0,104.606,431,1693,2,2025-12-30 12:47:58,true,
bear,0,122.77,431,1699,2,2025-12-30 12:47:59,true,
bearish,0,108.247,431,2262,3,2025-12-30 12:47:59,true,
beer,0,118.894,431,3960,6,2025-12-30 12:47:59,true,
beers,0,105.932,431,1127,1,2025-12-30 12:47:59,true,
behavior,0,104.362,431,1695,2,2025-12-30 12:47:59,true,
beliefs,0,117.126,431,1697,2,2025-12-30 12:48:00,true,
belize,0,112.951,431,2264,3,2025-12-30 12:48:00,true,
benefit,0,100.309,431,1128,1,2025-12-30 12:48:00,true,
benefits,0,112.888,431,1697,2,2025-12-30 12:48:00,true,
benjys,0,109.889,431,2262,3,2025-12-30 12:48:00,true,
bet,0,123.337,431,3958,6,2025-12-30 12:48:01,true,
beta,0,129.495,431,1695,2,2025-12-30 12:48:01,true,
betting,0,116.278,431,2261,3,2025-12-30 12:48:01,true,
bid,0,114.996,431,2256,3,2025-12-30 12:48:01,true,
bids,0,114.528,431,2831,4,2025-12-30 12:48:01,true,
big,0,111.053,431,1130,1,2025-12-30 12:48:02,true,
bike,0,121.922,431,2259,3,2025-12-30 12:48:02,true,
bill,0,119.896,431,2260,3,2025-12-30 12:48:02,true,
billing,0,109.163,431,1126,1,2025-12-30 12:48:02,true,
bills,0,120.268,431,2824,4,2025-12-30 12:48:02,true,
bird,0,116.965,431,2262,3,2025-12-30 12:48:03,true,
birthday,0,113.386,431,1126,1,2025-12-30 12:48:03,true,
blackberry,0,123.374,431,1694,2,2025-12-30 12:48:03,true,
blaming,0,117.305,431,1128,1,2025-12-30 12:48:03,true,
bloomberg,0,129.762,431,3960,6,2025-12-30 12:48:03,true,
blue,0,129.615,431,1128,1,2025-12-30 12:48:04,true,
blue-men-group,0,114.994,431,1128,1,2025-12-30 12:48:04,true,
bmc,0,140.347,431,3967,6,2025-12-30 12:48:04,true,
bon Coupe,0,121.521,431,2261,3,2025-12-30 12:48:04,true,
bonds,0,131.33,431,1128,1,2025-12-30 12:48:05,true,
bonus,0,127.737,431,1128,1,2025-12-30 12:48:05,true,
book,0,152.784,431,5099,8,2025-12-30 12:48:05,true,
bookie,0,126.426,431,1128,1,2025-12-30 12:48:05,true,
books,0,127.749,431,2829,4,2025-12-30 12:48:05,true,
boots,0,126.712,431,2831,4,2025-12-30 12:48:06,true,
bot,0,138.918,431,5090,8,2025-12-30 12:48:06,true,
bowling,0,137.591,431,3393,5,2025-12-30 12:48:06,true,
boys,0,134.8,431,1128,1,2025-12-30 12:48:06,true,
braindamage,0,146.71,431,1126,1,2025-12-30 12:48:07,true,
brazil,0,122.402,431,2264,3,2025-12-30 12:48:07,true,
breakdown,0,121.574,431,1128,1,2025-12-30 12:48:07,true,
breakfast,0,127.712,431,1126,1,2025-12-30 12:48:07,true,
brian,0,130.399,431,1128,1,2025-12-30 12:48:08,true,
bridge,0,135.503,431,2829,4,2025-12-30 12:48:08,true,
british Airways,0,126.59,431,1128,1,2025-12-30 12:48:08,true,
britney,0,124.91,431,1128,1,2025-12-30 12:48:08,true,
broadband,0,147.27,431,4525,7,2025-12-30 12:48:08,true,
broker,0,138.223,431,1126,1,2025-12-30 12:48:09,true,
brokerage,0,144.95,431,2262,3,2025-12-30 12:48:09,true,
brother,0,132.932,431,1695,2,2025-12-30 12:48:09,true,
brownbag,0,136.354,431,1693,2,2025-12-30 12:48:09,true,
bullish,0,146.234,431,3394,5,2025-12-30 12:48:10,true,
bumping,0,153.556,431,1697,2,2025-12-30 12:48:10,true,
burning,0,142.091,431,4529,7,2025-12-30 12:48:10,true,
business,0,158.56,431,5662,9,2025-12-30 12:48:10,true,
businesscards,0,141.501,431,1128,1,2025-12-30 12:48:11,true,
button,0,141.159,431,2262,3,2025-12-30 12:48:11,true,
buy,0,148.551,431,3402,5,2025-12-30 12:48:11,true,
buying,0,140.526,431,1128,1,2025-12-30 12:48:11,true,
cab,0,145.339,431,2259,3,2025-12-30 12:48:12,true,
cabs,0,144.24,431,1130,1,2025-12-30 12:48:12,true,
cal,0,130.87,431,1128,1,2025-12-30 12:48:12,true,
cal04,0,138.821,431,1128,1,2025-12-30 12:48:12,true,
calculate,0,145.989,431,1128,1,2025-12-30 12:48:13,true,
calendar,0,162.806,431,4530,7,2025-12-30 12:48:13,true,
cali,0,138.948,431,1695,2,2025-12-30 12:48:13,true,
california,0,157.309,431,1695,2,2025-12-30 12:48:13,true,
call,0,208.127,431,11898,20,2025-12-30 12:48:14,true,
calling,0,147.824,431,1130,1,2025-12-30 12:48:14,true,
calls,0,159.054,431,4534,7,2025-12-30 12:48:14,true,
campus,0,144.27,431,1128,1,2025-12-30 12:48:15,true,
cancel,0,146.023,431,3961,6,2025-12-30 12:48:15,true,
cancelled,0,149.725,431,2832,4,2025-12-30 12:48:15,true,
car,0,145.912,431,2829,4,2025-12-30 12:48:15,true,
carrying,0,147.696,431,2262,3,2025-12-30 12:48:16,true,
cash,0,177.244,431,7934,13,2025-12-30 12:48:16,true,
casino,0,142.859,431,1128,1,2025-12-30 12:48:16,true,
cat,0,154.859,431,1128,1,2025-12-30 12:48:16,true,
cd,0,147.146,431,2262,3,2025-12-30 12:48:17,true,
celebrate,0,158.265,431,2828,4,2025-12-30 12:48:17,true,
celebrates,0,156.698,431,1127,1,2025-12-30 12:48:17,true,
celebration,0,168.363,431,1127,1,2025-12-30 12:48:17,true,
celebrity,0,156.591,431,1695,2,2025-12-30 12:48:18,true,
cell,0,156.637,431,1695,2,2025-12-30 12:48:18,true,
cellphone,0,146.694,431,1128,1,2025-12-30 12:48:18,true,
center圈,0,156.169,431,1128,1,2025-12-30 12:48:18,true,
certification,0,167.152,431,1694,2,2025-12-30 12:48:19,true,
cfo,0,146.152,431,1128,1,2025-12-30 12:48:19,true,
cftc,0,170.11,431,3395,5,2025-12-30 12:48:19,true,
cftc-commitment-of-traders,0,161.502,463,1726,2,2025-12-30 12:48:19,true,
champagne,0,149.181,431,1128,1,2025-12-30 12:48:20,true,
chance,0,157.699,431,1126,1,2025-12-30 12:48:20,true,
change,0,156.247,431,1695,2,2025-12-30 12:48:20,true,
changes,0,167.927,431,1128,1,2025-12-30 12:48:20,true,
charity,0,146.414,431,1128,1,2025-12-30 12:48:21,true,
chart,0,151.156,431,1128,1,2025-12-30 12:48:21,true,
charts,0,335.18,431,43644,76,2025-12-30 12:48:21,true,
chat,0,155.959,431,2262,3,2025-12-30 12:48:22,true,
check,0,165.677,431,3396,5,2025-12-30 12:48:22,true,
checkbook,0,161.315,431,3398,5,2025-12-30 12:48:22,true,
cheer,0,146.201,431,1127,1,2025-12-30 12:48:23,true,
chieffinancialofficer,0,145.894,463,1160,1,2025-12-30 12:48:23,true,
china,0,155.002,431,1128,1,2025-12-30 12:48:23,true,
chocolate,0,155.168,431,1128,1,2025-12-30 12:48:23,true,
christmas,0,171.788,431,2264,3,2025-12-30 12:48:24,true,
circus,0,149.787,431,1128,1,2025-12-30 12:48:24,true,
cirque,0,142.719,431,1694,2,2025-12-30 12:48:24,true,
clay christensen,0,143.1,431,1693,2,2025-12-30 12:48:24,true,
claychristensen,0,144.486,431,1695,2,2025-12-30 12:48:25,true,
clearance,0,138.936,431,1128,1,2025-12-30 12:48:25,true,
clearing,0,164.52,431,6224,10,2025-12-30 12:48:25,true,
clever,0,144.343,431,2261,3,2025-12-30 12:48:25,true,
client,0,162.575,431,1694,2,2025-12-30 12:48:26,true,
close,0,160.642,431,3396,5,2025-12-30 12:48:26,true,
closed,0,145.199,431,1128,1,2025-12-30 12:48:26,true,
cnnfn,0,144.473,431,1128,1,2025-12-30 12:48:27,true,
coal trading,0,147.951,431,1128,1,2025-12-30 12:48:27,true,
code,0,161.454,431,2831,4,2025-12-30 12:48:27,true,
coincidental,0,149.665,431,2264,3,2025-12-30 12:48:27,true,
cold,0,143.169,431,1128,1,2025-12-30 12:48:28,true,
collapse,0,143.072,431,1128,1,2025-12-30 12:48:28,true,
commercials,0,188.866,431,8501,14,2025-12-30 12:48:28,true,
commissions,0,163.099,431,3965,6,2025-12-30 12:48:28,true,
commodity,0,160.186,431,5662,9,2025-12-30 12:48:29,true,
communication,0,145.188,431,2261,3,2025-12-30 12:48:29,true,
companies,0,148.534,431,1693,2,2025-12-30 12:48:29,true,
compaq,0,150.133,431,1695,2,2025-12-30 12:48:29,true,
computer,0,160.404,431,5098,8,2025-12-30 12:48:30,true,
computers,0,151.717,431,1695,2,2025-12-30 12:48:30,true,
concert,0,194.761,431,6226,10,2025-12-30 12:48:30,true,
concord,0,165.454,431,5097,8,2025-12-30 12:48:31,true,
condition,0,135.906,431,1128,1,2025-12-30 12:48:31,true,
conference,0,208.519,431,16442,28,2025-12-30 12:48:31,true,
conference-call,0,149.633,431,1128,1,2025-12-30 12:48:31,true,
confidential,0,158.734,431,4532,7,2025-12-30 12:48:32,true,
confidentiality,0,157.067,431,5661,9,2025-12-30 12:48:32,true,
confirm,0,157.287,431,3396,5,2025-12-30 12:48:32,true,
confirmation,0,187.057,431,9636,16,2025-12-30 12:48:33,true,
conflict,0,138.209,431,1128,1,2025-12-30 12:48:33,true,
congrats,0,143.795,431,2262,3,2025-12-30 12:48:33,true,
congratulations,0,151.279,431,2262,3,2025-12-30 12:48:33,true,
connect,0,145.689,431,1130,1,2025-12-30 12:48:34,true,
connectivity,0,149.791,431,1695,2,2025-12-30 12:48:34,true,
contact,0,169.136,431,4528,7,2025-12-30 12:48:34,true,
contango,0,162.691,431,2827,4,2025-12-30 12:48:34,true,
contest,0,149.541,431,1128,1,2025-12-30 12:48:35,true,
continental,0,154.262,431,1128,1,2025-12-30 12:48:35,true,
continental.com,0,169.941,431,1128,1,2025-12-30 12:48:35,true,
contract,0,156.275,431,3393,5,2025-12-30 12:48:35,true,
contracts,0,139.857,431,1127,1,2025-12-30 12:48:36,true,
conversation,0,146.246,431,2262,3,2025-12-30 12:48:36,true,
cook,0,146.967,431,1694,2,2025-12-30 12:48:36,true,
cooking,0,150.953,431,1128,1,2025-12-30 12:48:36,true,
coordination,0,153.721,431,2831,4,2025-12-30 12:48:37,true,
corporate,0,147.896,431,1695,2,2025-12-30 12:48:37,true,
cost,0,153.677,431,1695,2,2025-12-30 12:48:37,true,
costa Rica,0,151.981,431,2827,4,2025-12-30 12:48:37,true,
counterparties,0,147.127,431,1128,1,2025-12-30 12:48:38,true,
counterparty,0,143.091,431,1694,2,2025-12-30 12:48:38,true,
cowboys,0,142.872,431,1128,1,2025-12-30 12:48:38,true,
cpp,0,148.401,431,1128,1,2025-12-30 12:48:38,true,
cracks,0,143.582,431,2829,4,2025-12-30 12:48:39,true,
craziness,0,139.068,431,1128,1,2025-12-30 12:48:39,true,
credit,0,240.282,431,19839,34,2025-12-30 12:48:39,true,
creditcard,0,148.871,431,1128,1,2025-12-30 12:48:40,true,
creditcards,0,158.851,431,1130,1,2025-12-30 12:48:40,true,
cross-sell,0,147.79,431,2835,4,2025-12-30 12:48:40,true,
crossroads,0,151.625,431,3391,5,2025-12-30 12:48:40,true,
crouching_tiger_hidden_dragon,0,140.177,463,1160,1,2025-12-30 12:48:41,true,
crude,0,159.407,431,5665,9,2025-12-30 12:48:41,true,
currency,0,143.022,431,1695,2,2025-12-30 12:48:41,true,
current,0,143.38,431,1130,1,2025-12-30 12:48:41,true,
curve,0,150.01,431,2833,4,2025-12-30 12:48:42,true,
daily,0,168.362,431,5666,9,2025-12-30 12:48:42,true,
daily charts,0,145.646,431,1693,2,2025-12-30 12:48:42,true,
dailycharts,0,150.017,431,1695,2,2025-12-30 12:48:43,true,
dailyquote,0,186.627,431,6803,11,2025-12-30 12:48:43,true,
dallas,0,179.965,431,5669,9,2025-12-30 12:48:43,true,
dallas/wash,0,0,0,0,0,2025-12-30 12:48:43,false,客户端生成搜索令牌失败
dancing,0,138.701,431,1128,1,2025-12-30 12:48:43,true,
data,0,151.247,431,2827,4,2025-12-30 12:48:44,true,
database,0,146.109,431,1126,1,2025-12-30 12:48:44,true,
date,0,176.486,431,8498,14,2025-12-30 12:48:44,true,
dates,0,142.31,431,1130,1,2025-12-30 12:48:44,true,
day,0,141.617,431,1128,1,2025-12-30 12:48:45,true,
deadline,0,147.54,431,1699,2,2025-12-30 12:48:45,true,
deal,0,247.44,431,24937,43,2025-12-30 12:48:45,true,
deals,0,149.508,431,2263,3,2025-12-30 12:48:46,true,
debriefing,0,156.727,431,1129,1,2025-12-30 12:48:46,true,
debt,0,218.847,431,13602,23,2025-12-30 12:48:46,true,
default,0,144.048,431,1128,1,2025-12-30 12:48:47,true,
defense,0,153.102,431,3398,5,2025-12-30 12:48:47,true,
deferral,0,152.647,431,2261,3,2025-12-30 12:48:47,true,
delano,0,149.648,431,3396,5,2025-12-30 12:48:47,true,
delay,0,140.483,431,1128,1,2025-12-30 12:48:48,true,
delete,0,143.326,431,1695,2,2025-12-30 12:48:48,true,
demand,0,178.604,431,7369,12,2025-12-30 12:48:48,true,
demo,0,159.317,431,5667,9,2025-12-30 12:48:48,true,
denny's,0,153.338,431,2264,3,2025-12-30 12:48:49,true,
denver,0,161.886,431,2830,4,2025-12-30 12:48:49,true,
deregulation,0,159.74,431,1697,2,2025-12-30 12:48:49,true,
derivatives,0,167.912,431,4530,7,2025-12-30 12:48:50,true,
desk,0,151.61,431,1695,2,2025-12-30 12:48:50,true,
destiny's child,0,157.168,431,2256,3,2025-12-30 12:48:50,true,
devon,0,170.36,431,2262,3,2025-12-30 12:48:50,true,
diamonds,0,175.43,431,2829,4,2025-12-30 12:48:51,true,
digital Cameras,0,146.796,431,1128,1,2025-12-30 12:48:51,true,
dinner,0,284.996,431,32314,56,2025-12-30 12:48:51,true,
direct,0,146.954,431,1129,1,2025-12-30 12:48:52,true,
director,0,151.599,431,1128,1,2025-12-30 12:48:52,true,
directory,0,146.522,431,1128,1,2025-12-30 12:48:52,true,
discount,0,142.245,431,1128,1,2025-12-30 12:48:53,true,
discussion,0,150.623,431,2828,4,2025-12-30 12:48:53,true,
distillates,0,145.005,431,1130,1,2025-12-30 12:48:53,true,
dmb,0,145.767,431,2258,3,2025-12-30 12:48:53,true,
docs,0,161.122,431,4525,7,2025-12-30 12:48:54,true,
document,0,142.908,431,1695,2,2025-12-30 12:48:54,true,
dollar,0,144.943,431,1128,1,2025-12-30 12:48:54,true,
dollars,0,162.227,431,2260,3,2025-12-30 12:48:54,true,
dork,0,168.903,431,1128,1,2025-12-30 12:48:55,true,
download,0,147.762,431,1128,1,2025-12-30 12:48:55,true,
dream,0,152.783,431,2828,4,2025-12-30 12:48:55,true,
drift,0,148.659,431,2829,4,2025-12-30 12:48:55,true,
drink,0,171.467,431,8500,14,2025-12-30 12:48:56,true,
drink/dinner,0,0,0,0,0,2025-12-30 12:48:56,false,客户端生成搜索令牌失败
drinking,0,145.808,431,1696,2,2025-12-30 12:48:56,true,
drinks,0,188.949,431,10771,18,2025-12-30 12:48:56,true,
drive,0,144.886,431,2831,4,2025-12-30 12:48:56,true,
drunk,0,155.357,431,2265,3,2025-12-30 12:48:57,true,
dsl,0,156.75,431,3394,5,2025-12-30 12:48:57,true,
due diligence,0,136.756,431,1128,1,2025-12-30 12:48:57,true,
due diligience,0,140.535,431,1128,1,2025-12-30 12:48:57,true,
due_diligence,0,145.753,431,1128,1,2025-12-30 12:48:58,true,
dvd,0,144.991,431,2262,3,2025-12-30 12:48:58,true,
e-book,0,148.235,431,1128,1,2025-12-30 12:48:58,true,
eBay,0,150.329,431,2264,3,2025-12-30 12:48:58,true,
earn,0,148.518,431,1128,1,2025-12-30 12:48:59,true,
earnings,0,186.444,431,4529,7,2025-12-30 12:48:59,true,
easter,0,179.605,431,2260,3,2025-12-30 12:48:59,true,
eat,0,155.248,431,1128,1,2025-12-30 12:49:00,true,
ebay,0,138.229,431,1128,1,2025-12-30 12:49:00,true,
ebs,0,147.664,431,1695,2,2025-12-30 12:49:00,true,
ecommerce,0,150.051,431,2260,3,2025-12-30 12:49:00,true,
economic,0,143.757,431,1130,1,2025-12-30 12:49:01,true,
economics,0,139.194,431,1128,1,2025-12-30 12:49:01,true,
economy,0,149.1,431,1128,1,2025-12-30 12:49:01,true,
edf,0,146.277,431,1695,2,2025-12-30 12:49:01,true,
efs,0,143.005,431,1695,2,2025-12-30 12:49:02,true,
ejection,0,145.792,431,1130,1,2025-12-30 12:49:02,true,
el orbits,0,151.143,431,2265,3,2025-12-30 12:49:02,true,
el paso,0,144.051,431,1128,1,2025-12-30 12:49:02,true,
electricity,0,161.322,431,3965,6,2025-12-30 12:49:03,true,
electronic,0,148.987,431,1128,1,2025-12-30 12:49:03,true,
elevator,0,142.88,431,1130,1,2025-12-30 12:49:03,true,
elevator-talk,0,150.607,431,1128,1,2025-12-30 12:49:03,true,
email,0,399.735,431,39684,69,2025-12-30 12:49:04,true,
emergency,0,163.368,431,2261,3,2025-12-30 12:49:05,true,
emergencypreparedness,0,145.252,463,1159,1,2025-12-30 12:49:05,true,
employment,0,154.607,431,2259,3,2025-12-30 12:49:05,true,
encouragement,0,149.844,431,1697,2,2025-12-30 12:49:05,true,
energy,0,191.254,431,8498,14,2025-12-30 12:49:06,true,
enjoy,0,158.348,431,5664,9,2025-12-30 12:49:06,true,
enron,0,493.692,431,28905,50,2025-12-30 12:49:06,true,
enrononline,0,138.797,431,2262,3,2025-12-30 12:49:08,true,
eol,0,155.437,431,5097,8,2025-12-30 12:49:08,true,
eprociurement,0,143.715,431,1128,1,2025-12-30 12:49:08,true,
equity,0,141.133,431,1128,1,2025-12-30 12:49:08,true,
error,0,145.577,431,1128,1,2025-12-30 12:49:09,true,
essex house,0,142.653,431,1128,1,2025-12-30 12:49:09,true,
estimate,0,153.37,431,3398,5,2025-12-30 12:49:09,true,
etoys,0,151.334,431,2261,3,2025-12-30 12:49:09,true,
euro,0,166.347,431,2261,3,2025-12-30 12:49:10,true,
evaluation,0,167.345,431,1697,2,2025-12-30 12:49:10,true,
evening,0,150.335,431,2262,3,2025-12-30 12:49:10,true,
event,0,153.473,431,3965,6,2025-12-30 12:49:10,true,
events,0,154.988,431,2829,4,2025-12-30 12:49:11,true,
evergreen,0,143.674,431,1128,1,2025-12-30 12:49:11,true,
exchange,0,144.262,431,1128,1,2025-12-30 12:49:11,true,
excuse,0,151.134,431,2831,4,2025-12-30 12:49:11,true,
exe,0,142.168,431,1128,1,2025-12-30 12:49:12,true,
expense,0,186.976,431,9066,15,2025-12-30 12:49:12,true,
expense reports,0,140.709,431,1128,1,2025-12-30 12:49:12,true,
expense_reports,0,151.752,431,1695,2,2025-12-30 12:49:13,true,
expensereports,0,176.793,431,4527,7,2025-12-30 12:49:13,true,
experience enron,0,148.111,431,1127,1,2025-12-30 12:49:13,true,
expiry,0,140.748,431,1694,2,2025-12-30 12:49:13,true,
extend,0,146.673,431,1126,1,2025-12-30 12:49:14,true,
extension,0,150.454,431,2829,4,2025-12-30 12:49:14,true,
extra,0,149.265,431,1695,2,2025-12-30 12:49:14,true,
extra credit,0,155.311,431,1697,2,2025-12-30 12:49:14,true,
extra.credit,0,151.347,431,1128,1,2025-12-30 12:49:15,true,
extra_credit,0,170.36,431,6225,10,2025-12-30 12:49:15,true,
extracredit,0,144.616,431,2831,4,2025-12-30 12:49:15,true,
fair,0,143.892,431,1128,1,2025-12-30 12:49:15,true,
fake,0,145.175,431,1126,1,2025-12-30 12:49:16,true,
false,0,154.287,431,2262,3,2025-12-30 12:49:16,true,
family,0,163.701,431,1695,2,2025-12-30 12:49:16,true,
favor,0,169.339,431,4526,7,2025-12-30 12:49:16,true,
fax,0,140.377,431,1128,1,2025-12-30 12:49:17,true,
feature,0,144.372,431,1128,1,2025-12-30 12:49:17,true,
fedex,0,162.984,431,5103,8,2025-12-30 12:49:17,true,
fee,0,148.145,431,2262,3,2025-12-30 12:49:17,true,
feedback,0,178.579,431,8502,14,2025-12-30 12:49:18,true,
fees,0,149.893,431,2262,3,2025-12-30 12:49:18,true,
festivities,0,141.364,431,1128,1,2025-12-30 12:49:18,true,
ff_vol,0,145.266,431,1128,1,2025-12-30 12:49:19,true,
figure,0,150.064,431,1128,1,2025-12-30 12:49:19,true,
file,0,164.669,431,2826,4,2025-12-30 12:49:19,true,
fill,0,149.781,431,2262,3,2025-12-30 12:49:19,true,
fimat,0,164.962,431,4528,7,2025-12-30 12:49:20,true,
finance,0,174.499,431,5099,8,2025-12-30 12:49:20,true,
financial,0,151.724,431,1693,2,2025-12-30 12:49:20,true,
fix,0,166.208,431,2264,3,2025-12-30 12:49:20,true,
fiyi,0,155.813,431,1128,1,2025-12-30 12:49:21,true,
flat,0,151.927,431,1126,1,2025-12-30 12:49:21,true,
flight,0,154.538,431,2265,3,2025-12-30 12:49:21,true,
flights,0,147.185,431,1127,1,2025-12-30 12:49:21,true,
flowers,0,144.142,431,1128,1,2025-12-30 12:49:22,true,
flu,0,149.412,431,1694,2,2025-12-30 12:49:22,true,
follow-up,0,164.188,431,5666,9,2025-12-30 12:49:22,true,
food,0,141.574,431,1127,1,2025-12-30 12:49:22,true,
football,0,170.874,431,6798,11,2025-12-30 12:49:23,true,
forecast,0,153.663,431,2258,3,2025-12-30 12:49:23,true,
forklift,0,153.999,431,1128,1,2025-12-30 12:49:23,true,
form,0,158.658,431,1694,2,2025-12-30 12:49:23,true,
formula,0,163.665,431,2830,4,2025-12-30 12:49:24,true,
fortune,0,170.089,431,5652,9,2025-12-30 12:49:24,true,
forum,0,151.637,431,1692,2,2025-12-30 12:49:24,true,
forward,0,166.053,431,4527,7,2025-12-30 12:49:25,true,
forward-forward,0,144.51,431,1130,1,2025-12-30 12:49:25,true,
forwarded,0,180.272,431,7934,13,2025-12-30 12:49:25,true,
fox-sports-nba-knicks,0,141.023,463,1159,1,2025-12-30 12:49:25,true,
fraud,0,151.665,431,2264,3,2025-12-30 12:49:26,true,
fraudulent,0,155.743,431,1128,1,2025-12-30 12:49:26,true,
free,0,147.429,431,1126,1,2025-12-30 12:49:26,true,
freeshipping,0,143.402,431,1128,1,2025-12-30 12:49:26,true,
friday,0,148.207,431,2831,4,2025-12-30 12:49:27,true,
friendship,0,139.049,431,1128,1,2025-12-30 12:49:27,true,
front porch,0,143.513,431,1130,1,2025-12-30 12:49:27,true,
fuck,0,146.772,431,1128,1,2025-12-30 12:49:27,true,
fuel,0,163.492,431,4527,7,2025-12-30 12:49:28,true,
fuelswitching,0,149.89,431,1128,1,2025-12-30 12:49:28,true,
fund,0,144.28,431,1694,2,2025-12-30 12:49:28,true,
fundamentals,0,161.327,431,3960,6,2025-12-30 12:49:28,true,
funds,0,148.7,431,1128,1,2025-12-30 12:49:29,true,
funny,0,151.688,431,2827,4,2025-12-30 12:49:29,true,
furniture,0,148.121,431,1128,1,2025-12-30 12:49:29,true,
futures,0,159.964,431,3398,5,2025-12-30 12:49:29,true,
fyi,0,157.133,431,1128,1,2025-12-30 12:49:30,true,
gad,0,152.941,431,1128,1,2025-12-30 12:49:30,true,
gaetien,0,174.431,431,1130,1,2025-12-30 12:49:30,true,
gambling,0,146.571,431,2262,3,2025-12-30 12:49:30,true,
game,0,306.386,431,37398,65,2025-12-30 12:49:31,true,
games,0,153.197,431,2262,3,2025-12-30 12:49:31,true,
gas,0,328.256,431,36274,63,2025-12-30 12:49:32,true,
gas Trades,0,141.824,431,1127,1,2025-12-30 12:49:32,true,
gd,0,145.164,431,2260,3,2025-12-30 12:49:33,true,
ge,0,145.611,431,1127,1,2025-12-30 12:49:33,true,
genealogy,0,146.76,431,1128,1,2025-12-30 12:49:33,true,
george,0,141.133,431,1130,1,2025-12-30 12:49:33,true,
getcha,0,143.436,431,1128,1,2025-12-30 12:49:34,true,
gift,0,154.085,431,3396,5,2025-12-30 12:49:34,true,
gifts,0,151.753,431,1130,1,2025-12-30 12:49:34,true,
girlfriends,0,158.653,431,2831,4,2025-12-30 12:49:34,true,
girlie,0,150.068,431,2261,3,2025-12-30 12:49:35,true,
global-warming,0,160.306,431,1128,1,2025-12-30 12:49:35,true,
gmat,0,153.74,431,1128,1,2025-12-30 12:49:35,true,
great,0,181.956,431,2262,3,2025-12-30 12:49:35,true,
green,0,160.594,431,1127,1,2025-12-30 12:49:36,true,
greenhouse,0,159.132,431,2262,3,2025-12-30 12:49:36,true,
greetings,0,160.733,431,2826,4,2025-12-30 12:49:36,true,
guess,0,154.109,431,3394,5,2025-12-30 12:49:37,true,
guggenheim,0,152.431,431,4531,7,2025-12-30 12:49:37,true,
guy,0,146.026,431,1128,1,2025-12-30 12:49:37,true,
h/j,0,0,0,0,0,2025-12-30 12:49:37,false,客户端生成搜索令牌失败
hack,0,140.601,431,1128,1,2025-12-30 12:49:37,true,
haircut,0,156.687,431,2262,3,2025-12-30 12:49:38,true,
hands,0,142.862,431,1128,1,2025-12-30 12:49:38,true,
hangout,0,141.639,431,1126,1,2025-12-30 12:49:38,true,
happy,0,145.701,431,1695,2,2025-12-30 12:49:38,true,
happyhour,0,154.075,431,1128,1,2025-12-30 12:49:39,true,
harassment,0,157.283,431,2261,3,2025-12-30 12:49:39,true,
hardware,0,142.255,431,1697,2,2025-12-30 12:49:39,true,
harvard,0,146.273,431,2830,4,2025-12-30 12:49:39,true,
headhunter,0,145.614,431,1697,2,2025-12-30 12:49:40,true,
headline,0,148.964,431,1128,1,2025-12-30 12:49:40,true,
heat,0,148.969,431,1128,1,2025-12-30 12:49:40,true,
hedge,0,152.417,431,3393,5,2025-12-30 12:49:40,true,
hedgefund,0,170.63,431,4528,7,2025-12-30 12:49:41,true,
hedging,0,155.615,431,1697,2,2025-12-30 12:49:41,true,
heffner,0,156.895,431,1128,1,2025-12-30 12:49:41,true,
hello,0,160.726,431,2826,4,2025-12-30 12:49:41,true,
help,0,172.587,431,1695,2,2025-12-30 12:49:42,true,
henry hub,0,166.572,431,1128,1,2025-12-30 12:49:42,true,
here,0,151.387,431,1128,1,2025-12-30 12:49:42,true,
herry_hub,0,142.606,431,1128,1,2025-12-30 12:49:42,true,
hilarious,0,145.649,431,1695,2,2025-12-30 12:49:43,true,
hiring,0,140.855,431,1128,1,2025-12-30 12:49:43,true,
holiday,0,150.525,431,2262,3,2025-12-30 12:49:43,true,
holidays,0,151.761,431,2262,3,2025-12-30 12:49:43,true,
hollywood video,0,143.555,431,1130,1,2025-12-30 12:49:44,true,
home,0,146,431,1126,1,2025-12-30 12:49:44,true,
home Depot,0,143.65,431,1695,2,2025-12-30 12:49:44,true,
home depot,0,145.055,431,1128,1,2025-12-30 12:49:44,true,
homework,0,156.397,431,1695,2,2025-12-30 12:49:45,true,
hookie,0,151.121,431,1695,2,2025-12-30 12:49:45,true,
hooky,0,151.489,431,1127,1,2025-12-30 12:49:45,true,
hotel,0,157.985,431,2829,4,2025-12-30 12:49:45,true,
hourlypower,0,144.94,431,1127,1,2025-12-30 12:49:46,true,
hours,0,149.978,431,1128,1,2025-12-30 12:49:46,true,
houston,0,151.142,431,2260,3,2025-12-30 12:49:46,true,
houstonstreet,0,145.17,431,1128,1,2025-12-30 12:49:46,true,
hp,0,160.742,431,3961,6,2025-12-30 12:49:47,true,
hpp,0,151.45,431,1128,1,2025-12-30 12:49:47,true,
hub,0,145.103,431,1128,1,2025-12-30 12:49:47,true,
hugs,0,152.165,431,1697,2,2025-12-30 12:49:47,true,
human resources,0,153.727,431,1126,1,2025-12-30 12:49:48,true,
humor,0,152.84,431,1128,1,2025-12-30 12:49:48,true,
hungry,0,141.277,431,1128,1,2025-12-30 12:49:48,true,
hurricane,0,142.397,431,1128,1,2025-12-30 12:49:48,true,
hydro,0,142.539,431,1693,2,2025-12-30 12:49:49,true,
hydroelectricity,0,140.929,431,1128,1,2025-12-30 12:49:49,true,
ice,0,178.067,431,7940,13,2025-12-30 12:49:49,true,
idea,0,159.011,431,3960,6,2025-12-30 12:49:49,true,
ideas,0,161.12,431,3962,6,2025-12-30 12:49:50,true,
imbalance,0,142.844,431,1695,2,2025-12-30 12:49:50,true,
implementation,0,169.845,431,6791,11,2025-12-30 12:49:50,true,
important,0,144.57,431,2264,3,2025-12-30 12:49:51,true,
impossible,0,164.386,431,4534,7,2025-12-30 12:49:51,true,
income,0,140.532,431,1130,1,2025-12-30 12:49:51,true,
incubus,0,150.132,431,1128,1,2025-12-30 12:49:51,true,
index,0,148.245,431,1130,1,2025-12-30 12:49:52,true,
info,0,155.573,431,4530,7,2025-12-30 12:49:52,true,
infomercial,0,162.686,431,3396,5,2025-12-30 12:49:52,true,
information,0,166.02,431,6801,11,2025-12-30 12:49:52,true,
install,0,144.965,431,1128,1,2025-12-30 12:49:53,true,
insurance,0,152.472,431,2264,3,2025-12-30 12:49:53,true,
internet,0,143.523,431,1127,1,2025-12-30 12:49:53,true,
interventions,0,143.937,431,1128,1,2025-12-30 12:49:53,true,
interview,0,200.631,431,12460,21,2025-12-30 12:49:54,true,
interviewing,0,161.013,431,1695,2,2025-12-30 12:49:54,true,
interviews,0,219.025,431,11892,20,2025-12-30 12:49:54,true,
investment,0,157.262,431,1695,2,2025-12-30 12:49:55,true,
invitation,0,191.115,431,8494,14,2025-12-30 12:49:55,true,
invite,0,151.019,431,2828,4,2025-12-30 12:49:55,true,
invites,0,160.088,431,1693,2,2025-12-30 12:49:56,true,
invoice,0,161.934,431,6798,11,2025-12-30 12:49:56,true,
ira,0,152.464,431,1127,1,2025-12-30 12:49:56,true,
ireland,0,149.852,431,2260,3,2025-12-30 12:49:56,true,
issues,0,137.316,431,1695,2,2025-12-30 12:49:57,true,
jealousy,0,137.914,431,1128,1,2025-12-30 12:49:57,true,
jeans,0,154.158,431,2262,3,2025-12-30 12:49:57,true,
jerk,0,138.69,431,1128,1,2025-12-30 12:49:57,true,
jet,0,146.868,431,2827,4,2025-12-30 12:49:58,true,
job,0,166.261,431,7363,12,2025-12-30 12:49:58,true,
jobs,0,148.27,431,1128,1,2025-12-30 12:49:58,true,
john,0,158.42,431,1128,1,2025-12-30 12:49:58,true,
joking,0,165.859,431,1129,1,2025-12-30 12:49:59,true,
journal,0,151.837,431,1128,1,2025-12-30 12:49:59,true,
jumbos,0,149.505,431,1694,2,2025-12-30 12:49:59,true,
junior,0,147.179,431,1128,1,2025-12-30 12:49:59,true,
junior trader,0,149.461,431,1695,2,2025-12-30 12:50:00,true,
justin,0,142.94,431,1129,1,2025-12-30 12:50:00,true,
kcs,0,153.893,431,2828,4,2025-12-30 12:50:00,true,
kenlay,0,153.653,431,1127,1,2025-12-30 12:50:00,true,
kidding,0,158.722,431,2260,3,2025-12-30 12:50:01,true,
kind,0,145.296,431,1126,1,2025-12-30 12:50:01,true,
king biscuit,0,151.746,431,2829,4,2025-12-30 12:50:01,true,
knight,0,152.263,431,2834,4,2025-12-30 12:50:01,true,
lNG,0,169.036,431,3965,6,2025-12-30 12:50:02,true,
la.confidential,0,151.044,431,1130,1,2025-12-30 12:50:02,true,
large.format,0,151.694,431,1128,1,2025-12-30 12:50:02,true,
later,0,165.292,431,1128,1,2025-12-30 12:50:02,true,
lawsuit,0,144.679,431,1697,2,2025-12-30 12:50:03,true,
layoffs,0,141.328,431,1693,2,2025-12-30 12:50:03,true,
layout,0,150.15,431,1697,2,2025-12-30 12:50:03,true,
lazy,0,138.799,431,1128,1,2025-12-30 12:50:03,true,
learn,0,137.647,431,1128,1,2025-12-30 12:50:04,true,
leave,0,136.183,431,1125,1,2025-12-30 12:50:04,true,
leg,0,137.577,431,1128,1,2025-12-30 12:50:04,true,
legal,0,153.281,431,1128,1,2025-12-30 12:50:04,true,
limit,0,144.467,431,1697,2,2025-12-30 12:50:05,true,
limit-orders,0,145.423,431,2266,3,2025-12-30 12:50:05,true,
limitorders,0,148.453,431,1695,2,2025-12-30 12:50:05,true,
liquidity,0,171.989,431,1697,2,2025-12-30 12:50:05,true,
list,0,169.674,431,1696,2,2025-12-30 12:50:06,true,
lng,0,172.629,431,8492,14,2025-12-30 12:50:06,true,
loan,0,137.942,431,1689,2,2025-12-30 12:50:06,true,
location,0,156.609,431,4534,7,2025-12-30 12:50:07,true,
login,0,154.581,431,3961,6,2025-12-30 12:50:07,true,
london,0,163.908,431,3400,5,2025-12-30 12:50:07,true,
lonely,0,145.698,431,1127,1,2025-12-30 12:50:07,true,
long,0,152.302,431,1128,1,2025-12-30 12:50:08,true,
long-term,0,152.939,431,1694,2,2025-12-30 12:50:08,true,
longterm,0,147.572,431,1694,2,2025-12-30 12:50:08,true,
lose,0,143.873,431,1695,2,2025-12-30 12:50:08,true,
loser,0,142.775,431,1128,1,2025-12-30 12:50:09,true,
loss,0,155.523,431,4531,7,2025-12-30 12:50:09,true,
lost,0,149.086,431,1128,1,2025-12-30 12:50:09,true,
lot,0,149.997,431,1695,2,2025-12-30 12:50:09,true,
lottery,0,152.255,431,2262,3,2025-12-30 12:50:10,true,
love,0,176.765,431,8501,14,2025-12-30 12:50:10,true,
lpg,0,174.638,431,2830,4,2025-12-30 12:50:10,true,
lumber,0,151.049,431,2833,4,2025-12-30 12:50:10,true,
lunch,0,154.071,431,3397,5,2025-12-30 12:50:11,true,
lunches,0,135.39,431,1128,1,2025-12-30 12:50:11,true,
magazine,0,136.542,431,1130,1,2025-12-30 12:50:11,true,
magazines,0,154.662,431,4530,7,2025-12-30 12:50:11,true,
mail,0,152.184,431,3961,6,2025-12-30 12:50:12,true,
mailing,0,150.388,431,5097,8,2025-12-30 12:50:12,true,
mailing-list,0,144.385,431,1128,1,2025-12-30 12:50:12,true,
mailingリスト,0,145.434,431,1128,1,2025-12-30 12:50:12,true,
make,0,148.961,431,2827,4,2025-12-30 12:50:13,true,
mar/apr,0,0,0,0,0,2025-12-30 12:50:13,false,客户端生成搜索令牌失败
margin,0,192.565,431,13025,22,2025-12-30 12:50:13,true,
margin financing,0,145.391,431,1128,1,2025-12-30 12:50:13,true,
mario,0,148.058,431,1694,2,2025-12-30 12:50:14,true,
mark-to-market,0,151.199,431,1697,2,2025-12-30 12:50:14,true,
market,0,231.321,431,18139,31,2025-12-30 12:50:14,true,
marketing,0,164.63,431,3964,6,2025-12-30 12:50:15,true,
marketmaking,0,163.541,431,2830,4,2025-12-30 12:50:15,true,
markets,0,149.134,431,1697,2,2025-12-30 12:50:15,true,
mature,0,147.288,431,1126,1,2025-12-30 12:50:15,true,
maxwell,0,173.901,431,2264,3,2025-12-30 12:50:16,true,
meETING,0,147.459,431,1128,1,2025-12-30 12:50:16,true,
medicine,0,145.674,431,1128,1,2025-12-30 12:50:16,true,
mediocre,0,144.375,431,1128,1,2025-12-30 12:50:16,true,
meet,0,144.804,431,1697,2,2025-12-30 12:50:17,true,
meeting,0,504.794,431,79368,139,2025-12-30 12:50:17,true,
meetings,0,149.832,431,3963,6,2025-12-30 12:50:18,true,
membership,0,164.07,431,5101,8,2025-12-30 12:50:18,true,
merchant,0,146.738,431,1127,1,2025-12-30 12:50:19,true,
merger,0,153.468,431,2262,3,2025-12-30 12:50:19,true,
message,0,219.718,431,17008,29,2025-12-30 12:50:19,true,
messages,0,148.962,431,1128,1,2025-12-30 12:50:19,true,
messenger,0,150.249,431,1128,1,2025-12-30 12:50:20,true,
methodology,0,153.9,431,1697,2,2025-12-30 12:50:20,true,
methods,0,152.674,431,2262,3,2025-12-30 12:50:20,true,
metro,0,166.561,431,1128,1,2025-12-30 12:50:20,true,
metrobriefs,0,168.287,431,1124,1,2025-12-30 12:50:21,true,
mexico,0,159.263,431,2262,3,2025-12-30 12:50:21,true,
miami,0,149.913,431,2829,4,2025-12-30 12:50:21,true,
mic,0,142.086,431,1695,2,2025-12-30 12:50:22,true,
microphone,0,150.105,431,1128,1,2025-12-30 12:50:22,true,
mileageplus,0,144.365,431,1128,1,2025-12-30 12:50:22,true,
milk,0,150.801,431,2831,4,2025-12-30 12:50:22,true,
mkts,0,155.594,431,2829,4,2025-12-30 12:50:23,true,
mlb,0,138.701,431,1128,1,2025-12-30 12:50:23,true,
mlk,0,144.345,431,1696,2,2025-12-30 12:50:23,true,
mnf,0,136.296,431,1128,1,2025-12-30 12:50:23,true,
model,0,139.345,431,1130,1,2025-12-30 12:50:24,true,
monday,0,155.332,431,4531,7,2025-12-30 12:50:24,true,
money,0,165.038,431,3963,6,2025-12-30 12:50:24,true,
moneymanagement,0,144.201,431,1128,1,2025-12-30 12:50:24,true,
monkey,0,152.078,431,2261,3,2025-12-30 12:50:25,true,
moolah,0,150.995,431,1128,1,2025-12-30 12:50:25,true,
mormon,0,157.796,431,1128,1,2025-12-30 12:50:25,true,
morning,0,161.256,431,3396,5,2025-12-30 12:50:25,true,
mothers day,0,183.365,431,1130,1,2025-12-30 12:50:26,true,
mothers_day,0,161.541,431,1128,1,2025-12-30 12:50:26,true,
mothersday,0,142.086,431,1128,1,2025-12-30 12:50:26,true,
move,0,202.861,431,2831,4,2025-12-30 12:50:26,true,
movie,0,156.257,431,4533,7,2025-12-30 12:50:27,true,
moving,0,148.434,431,2260,3,2025-12-30 12:50:27,true,
msn,0,140.605,431,1693,2,2025-12-30 12:50:27,true,
mtv,0,145.427,431,1697,2,2025-12-30 12:50:27,true,
museum,0,148.08,431,2263,3,2025-12-30 12:50:28,true,
myrtle beach,0,148.667,431,2261,3,2025-12-30 12:50:28,true,
myrtlebezch,0,145.914,431,1128,1,2025-12-30 12:50:28,true,
naked,0,149.063,431,1695,2,2025-12-30 12:50:28,true,
name,0,155.663,431,2264,3,2025-12-30 12:50:29,true,
nat gas,0,160.603,431,4529,7,2025-12-30 12:50:29,true,
nat_gas,0,156.447,431,2821,4,2025-12-30 12:50:29,true,
natgas,0,230.171,431,20968,36,2025-12-30 12:50:29,true,
natgasmarketanalysis,0,148.198,463,2298,3,2025-12-30 12:50:30,true,
natty,0,145.965,431,1128,1,2025-12-30 12:50:30,true,
natural,0,232.254,431,19843,34,2025-12-30 12:50:30,true,
natural gas,0,168.903,431,4532,7,2025-12-30 12:50:31,true,
natural_gas,0,163.478,431,3962,6,2025-12-30 12:50:31,true,
naturalgas,0,211.735,431,4530,7,2025-12-30 12:50:31,true,
naturalgasmarketanalysis,0,160.375,463,1160,1,2025-12-30 12:50:32,true,
naturalview,0,148.195,431,1128,1,2025-12-30 12:50:32,true,
nausea,0,143.176,431,1127,1,2025-12-30 12:50:32,true,
necklace,0,139.67,431,1128,1,2025-12-30 12:50:33,true,
needsassessmentform,0,143.758,463,1731,2,2025-12-30 12:50:33,true,
negotiation,0,142.365,431,1127,1,2025-12-30 12:50:33,true,
netco,0,149.02,431,1128,1,2025-12-30 12:50:33,true,
neural,0,165.391,431,3964,6,2025-12-30 12:50:33,true,
neural networks,0,155.075,431,3965,6,2025-12-30 12:50:34,true,
new,0,152.122,431,2262,3,2025-12-30 12:50:34,true,
new Orleans,0,151.604,431,2262,3,2025-12-30 12:50:34,true,
new Year,0,151.589,431,1129,1,2025-12-30 12:50:35,true,
new power,0,166.062,431,1128,1,2025-12-30 12:50:35,true,
new power products,0,154.888,463,1162,1,2025-12-30 12:50:35,true,
new products,0,154.282,431,1128,1,2025-12-30 12:50:35,true,
new.year,0,163.401,431,1693,2,2025-12-30 12:50:36,true,
newpower,0,151.797,431,1123,1,2025-12-30 12:50:36,true,
news,0,189.624,431,5096,8,2025-12-30 12:50:36,true,
newsflash,0,152.712,431,1128,1,2025-12-30 12:50:36,true,
newsletter,0,164.059,431,3398,5,2025-12-30 12:50:37,true,
newyear,0,156.308,431,1128,1,2025-12-30 12:50:37,true,
next,0,150.514,431,1127,1,2025-12-30 12:50:37,true,
ng,0,185.409,431,5092,8,2025-12-30 12:50:38,true,
ng DEAL,0,167.082,431,1128,1,2025-12-30 12:50:38,true,
ngas,0,166.872,431,1695,2,2025-12-30 12:50:38,true,
ngdelta,0,165.478,431,1130,1,2025-12-30 12:50:38,true,
ngviews,0,160.591,431,1694,2,2025-12-30 12:50:39,true,
nigel,0,157.592,431,1695,2,2025-12-30 12:50:39,true,
nigel patterson,0,155.72,431,1128,1,2025-12-30 12:50:39,true,
night,0,179.385,431,3962,6,2025-12-30 12:50:39,true,
nitrogen,0,163.617,431,1694,2,2025-12-30 12:50:40,true,
no-arbitrage,0,159.857,431,1695,2,2025-12-30 12:50:40,true,
non-disclosure,0,155.412,431,1697,2,2025-12-30 12:50:40,true,
noon,0,162.814,431,1128,1,2025-12-30 12:50:41,true,
notes,0,161.004,431,1694,2,2025-12-30 12:50:41,true,
notice,0,167.02,431,2827,4,2025-12-30 12:50:41,true,
notification,0,184.808,431,8493,14,2025-12-30 12:50:41,true,
nov,0,152.74,431,1126,1,2025-12-30 12:50:42,true,
nuclear,0,153.242,431,1128,1,2025-12-30 12:50:42,true,
number,0,149.627,431,1695,2,2025-12-30 12:50:42,true,
numbers,0,173.219,431,4530,7,2025-12-30 12:50:42,true,
ny,0,149.045,431,1691,2,2025-12-30 12:50:43,true,
ny hotels,0,145.518,431,2264,3,2025-12-30 12:50:43,true,
nyc,0,157.403,431,3966,6,2025-12-30 12:50:43,true,
nymex,0,197.572,431,14169,24,2025-12-30 12:50:44,true,
oak,0,152.482,431,2262,3,2025-12-30 12:50:44,true,
odor,0,153.75,431,2262,3,2025-12-30 12:50:44,true,
offender,0,148.935,431,1128,1,2025-12-30 12:50:44,true,
offer,0,167.537,431,2262,3,2025-12-30 12:50:45,true,
offers,0,168.407,431,2259,3,2025-12-30 12:50:45,true,
offset,0,150.544,431,1128,1,2025-12-30 12:50:45,true,
offsite,0,154.682,431,1695,2,2025-12-30 12:50:45,true,
oil,0,176.795,431,3397,5,2025-12-30 12:50:46,true,
old,0,162.056,431,1128,1,2025-12-30 12:50:46,true,
olympics,0,200.944,431,2262,3,2025-12-30 12:50:46,true,
on-call,0,173.805,431,1128,1,2025-12-30 12:50:47,true,
open,0,155.076,431,2828,4,2025-12-30 12:50:47,true,
opportunity,0,160.49,431,2262,3,2025-12-30 12:50:47,true,
opposite,0,161.032,431,2262,3,2025-12-30 12:50:47,true,
option,0,221.464,431,15305,26,2025-12-30 12:50:48,true,
option Analysis,0,163.197,431,1128,1,2025-12-30 12:50:48,true,
option candlesticks,0,199.957,463,9090,15,2025-12-30 12:50:48,true,
option-analysis,0,147.089,431,1129,1,2025-12-30 12:50:49,true,
options,0,274.675,431,28903,50,2025-12-30 12:50:49,true,
order,0,199.066,431,11898,20,2025-12-30 12:50:50,true,
orders,0,147.668,431,1128,1,2025-12-30 12:50:50,true,
org,0,155.264,431,1127,1,2025-12-30 12:50:50,true,
org-chart,0,153.988,431,1695,2,2025-12-30 12:50:51,true,
otc,0,158.223,431,2261,3,2025-12-30 12:50:51,true,
out_of_office,0,153.833,431,1128,1,2025-12-30 12:50:51,true,
outage,0,177.996,431,5090,8,2025-12-30 12:50:51,true,
outlook,0,163.745,431,1128,1,2025-12-30 12:50:52,true,
outsourcing,0,162.468,431,1695,2,2025-12-30 12:50:52,true,
outsourcing Deals,0,159.479,463,1160,1,2025-12-30 12:50:52,true,
owe,0,154.529,431,1128,1,2025-12-30 12:50:52,true,
p&l,0,193.979,431,8502,14,2025-12-30 12:50:53,true,
p-card,0,156.18,431,1695,2,2025-12-30 12:50:53,true,
pab,0,157.657,431,2262,3,2025-12-30 12:50:53,true,
pact,0,158.945,431,1695,2,2025-12-30 12:50:54,true,
palestinians,0,162.759,431,1130,1,2025-12-30 12:50:54,true,
panama,0,164.639,431,1692,2,2025-12-30 12:50:54,true,
panama Canal Cruise,0,170.755,463,1159,1,2025-12-30 12:50:54,true,
parking,0,193.554,431,1128,1,2025-12-30 12:50:55,true,
party,0,207.15,431,10204,17,2025-12-30 12:50:55,true,
passes,0,143.889,431,1126,1,2025-12-30 12:50:55,true,
password,0,166.676,431,4530,7,2025-12-30 12:50:56,true,
pasta,0,141.209,431,1128,1,2025-12-30 12:50:56,true,
pavel,0,141.823,431,1128,1,2025-12-30 12:50:56,true,
payment,0,147.464,431,1695,2,2025-12-30 12:50:56,true,
payroll,0,153.836,431,1127,1,2025-12-30 12:50:57,true,
pc,0,162.576,431,2822,4,2025-12-30 12:50:57,true,
pedron,0,162.601,431,2827,4,2025-12-30 12:50:57,true,
performance,0,139.742,431,1126,1,2025-12-30 12:50:57,true,
petro,0,160.001,431,2260,3,2025-12-30 12:50:58,true,
pg&e,0,160.376,431,1695,2,2025-12-30 12:50:58,true,
phone,0,163.549,431,4528,7,2025-12-30 12:50:58,true,
phone interview results,0,155.372,463,1160,1,2025-12-30 12:50:58,true,
photos,0,141.896,431,1692,2,2025-12-30 12:50:59,true,
physical,0,151.177,431,1127,1,2025-12-30 12:50:59,true,
pick'em,0,156.975,431,1128,1,2025-12-30 12:50:59,true,
picture,0,159.074,431,1695,2,2025-12-30 12:50:59,true,
pipeline,0,152.745,431,1128,1,2025-12-30 12:51:00,true,
pira,0,165.305,431,5096,8,2025-12-30 12:51:00,true,
pissed,0,154.534,431,2264,3,2025-12-30 12:51:00,true,
pitch,0,160.238,431,3967,6,2025-12-30 12:51:00,true,
pl,0,146.824,431,1130,1,2025-12-30 12:51:01,true,
plan,0,151.753,431,1695,2,2025-12-30 12:51:01,true,
planning,0,166.174,431,1128,1,2025-12-30 12:51:01,true,
plans,0,168.352,431,4526,7,2025-12-30 12:51:02,true,
plants,0,183.302,431,3958,6,2025-12-30 12:51:02,true,
plastics,0,154.203,431,1695,2,2025-12-30 12:51:02,true,
please,0,159.429,431,2262,3,2025-12-30 12:51:02,true,
pledge,0,171.137,431,4534,7,2025-12-30 12:51:03,true,
policy,0,153.64,431,1693,2,2025-12-30 12:51:03,true,
polling,0,197,431,1697,2,2025-12-30 12:51:03,true,
popup,0,170.518,431,2263,3,2025-12-30 12:51:04,true,
porn,0,175.934,431,1128,1,2025-12-30 12:51:04,true,
porsche,0,155.584,431,1130,1,2025-12-30 12:51:04,true,
portfolio,0,188.015,431,7924,13,2025-12-30 12:51:04,true,
portfolios,0,155.595,431,2262,3,2025-12-30 12:51:05,true,
portugal,0,154.17,431,1699,2,2025-12-30 12:51:05,true,
position,0,178.084,431,6804,11,2025-12-30 12:51:05,true,
positions,0,179.318,431,8504,14,2025-12-30 12:51:06,true,
power,0,210.775,431,7361,12,2025-12-30 12:51:06,true,
power group,0,167.564,431,1128,1,2025-12-30 12:51:06,true,
prank,0,160.495,431,2262,3,2025-12-30 12:51:07,true,
prc,0,148.362,431,1130,1,2025-12-30 12:51:07,true,
presentation,0,182.747,431,10202,17,2025-12-30 12:51:07,true,
presentations,0,155.605,431,3963,6,2025-12-30 12:51:07,true,
pressure,0,172.079,431,2262,3,2025-12-30 12:51:08,true,
price,0,230.976,431,17572,30,2025-12-30 12:51:08,true,
prices,0,153.629,431,2829,4,2025-12-30 12:51:08,true,
pricing,0,169.181,431,4532,7,2025-12-30 12:51:09,true,
printout,0,153.841,431,2829,4,2025-12-30 12:51:09,true,
priority,0,148.242,431,1128,1,2025-12-30 12:51:09,true,
private equity,0,150.224,431,1693,2,2025-12-30 12:51:09,true,
private_equity,0,144.958,431,1128,1,2025-12-30 12:51:10,true,
privileges,0,155.832,431,2262,3,2025-12-30 12:51:10,true,
probability,0,165.492,431,5097,8,2025-12-30 12:51:10,true,
problems,0,158.27,431,2829,4,2025-12-30 12:51:11,true,
process,0,158.496,431,2261,3,2025-12-30 12:51:11,true,
processes,0,158.449,431,1128,1,2025-12-30 12:51:11,true,
product,0,166.45,431,1128,1,2025-12-30 12:51:11,true,
production,0,151.075,431,1130,1,2025-12-30 12:51:12,true,
productivity,0,154.375,431,1696,2,2025-12-30 12:51:12,true,
products,0,155.121,431,1128,1,2025-12-30 12:51:12,true,
program,0,164.173,431,2831,4,2025-12-30 12:51:12,true,
programming,0,165.682,431,2829,4,2025-12-30 12:51:13,true,
project,0,174.533,431,4530,7,2025-12-30 12:51:13,true,
prom,0,161.769,431,2262,3,2025-12-30 12:51:13,true,
proposal,0,195.761,431,1695,2,2025-12-30 12:51:13,true,
puking,0,182.465,431,1128,1,2025-12-30 12:51:14,true,
pulaski,0,159.471,431,1127,1,2025-12-30 12:51:14,true,
pull,0,160.197,431,1129,1,2025-12-30 12:51:14,true,
purchase,0,147.821,431,2261,3,2025-12-30 12:51:15,true,
purchase-commitment,0,147.472,463,1160,1,2025-12-30 12:51:15,true,
push,0,150.229,431,1130,1,2025-12-30 12:51:15,true,
q/u,0,0,0,0,0,2025-12-30 12:51:15,false,客户端生成搜索令牌失败
quarter,0,156.831,431,1695,2,2025-12-30 12:51:15,true,
question,0,170.88,431,6232,10,2025-12-30 12:51:16,true,
quiz,0,153.896,431,3393,5,2025-12-30 12:51:16,true,
quote,0,189.385,431,6798,11,2025-12-30 12:51:16,true,
quotes,0,175.941,431,4533,7,2025-12-30 12:51:17,true,
r Rumors,0,141.251,431,1126,1,2025-12-30 12:51:17,true,
rams,0,147.418,431,2264,3,2025-12-30 12:51:17,true,
re,0,167.386,431,6236,10,2025-12-30 12:51:17,true,
re-startintegration,0,148.167,463,1160,1,2025-12-30 12:51:18,true,
read,0,154.586,431,1129,1,2025-12-30 12:51:18,true,
ready,0,148.549,431,1128,1,2025-12-30 12:51:18,true,
real estate,0,152.94,431,1128,1,2025-12-30 12:51:18,true,
rebate,0,141.415,431,1128,1,2025-12-30 12:51:19,true,
rebuilding,0,144.019,431,1128,1,2025-12-30 12:51:19,true,
receipt,0,147.539,431,1130,1,2025-12-30 12:51:19,true,
receptions,0,146.708,431,1127,1,2025-12-30 12:51:19,true,
recruiting,0,188.021,431,7368,12,2025-12-30 12:51:20,true,
reds,0,162.098,431,1128,1,2025-12-30 12:51:20,true,
reduction,0,185.716,431,5098,8,2025-12-30 12:51:20,true,
refrigerator,0,160.303,431,1698,2,2025-12-30 12:51:21,true,
rejection,0,147.312,431,1695,2,2025-12-30 12:51:21,true,
relationship,0,181.551,431,3964,6,2025-12-30 12:51:21,true,
relaxed,0,156.951,431,1128,1,2025-12-30 12:51:21,true,
relief,0,179.288,431,1128,1,2025-12-30 12:51:22,true,
reminder,0,242.914,431,19266,33,2025-12-30 12:51:22,true,
reminiscence,0,158.029,431,1128,1,2025-12-30 12:51:22,true,
remove,0,160.821,431,3392,5,2025-12-30 12:51:23,true,
rent,0,166.003,431,2826,4,2025-12-30 12:51:23,true,
renting,0,145.145,431,1127,1,2025-12-30 12:51:23,true,
reorg,0,159.026,431,2263,3,2025-12-30 12:51:24,true,
replaces,0,171.817,431,1128,1,2025-12-30 12:51:24,true,
report,0,197.052,431,11336,19,2025-12-30 12:51:24,true,
reporting,0,158.481,431,2826,4,2025-12-30 12:51:24,true,
reports,0,148.159,431,1128,1,2025-12-30 12:51:25,true,
request,0,177.316,431,3966,6,2025-12-30 12:51:25,true,
requests,0,151.107,431,1130,1,2025-12-30 12:51:25,true,
requirement,0,155.916,431,3966,6,2025-12-30 12:51:26,true,
requisite,0,151.036,431,1695,2,2025-12-30 12:51:26,true,
requisition,0,159.893,431,1123,1,2025-12-30 12:51:26,true,
reservation,0,150.489,431,1693,2,2025-12-30 12:51:26,true,
reservations,0,155.016,431,1128,1,2025-12-30 12:51:27,true,
reserve,0,156.984,431,1130,1,2025-12-30 12:51:27,true,
resignation,0,152.028,431,1128,1,2025-12-30 12:51:27,true,
resigned,0,149.321,431,1128,1,2025-12-30 12:51:27,true,
resolution,0,148.828,431,1695,2,2025-12-30 12:51:28,true,
resources,0,154.19,431,2264,3,2025-12-30 12:51:28,true,
response,0,152.324,431,1695,2,2025-12-30 12:51:28,true,
restaurants,0,150.566,431,1128,1,2025-12-30 12:51:28,true,
results,0,167.119,431,2262,3,2025-12-30 12:51:29,true,
resume,0,169.779,431,5098,8,2025-12-30 12:51:29,true,
retrieval,0,157.735,431,1128,1,2025-12-30 12:51:29,true,
reuters,0,172.679,431,2828,4,2025-12-30 12:51:29,true,
review,0,159.462,431,2831,4,2025-12-30 12:51:30,true,
reviews,0,153.196,431,1126,1,2025-12-30 12:51:30,true,
revision,0,153.465,431,1128,1,2025-12-30 12:51:30,true,
rfp,0,155.303,431,1695,2,2025-12-30 12:51:30,true,
rhymes,0,156.157,431,2830,4,2025-12-30 12:51:31,true,
ribfest,0,150.115,431,1695,2,2025-12-30 12:51:31,true,
ride,0,163.33,431,1697,2,2025-12-30 12:51:31,true,
risk,0,161.317,431,4526,7,2025-12-30 12:51:32,true,
risk management simulation,0,146.629,463,1160,1,2025-12-30 12:51:32,true,
roadrunner,0,157.822,431,1696,2,2025-12-30 12:51:32,true,
robbed,0,143.064,431,1128,1,2025-12-30 12:51:32,true,
robotrader,0,141.369,431,1695,2,2025-12-30 12:51:33,true,
role,0,138.781,431,1130,1,2025-12-30 12:51:33,true,
roll-out,0,149.29,431,1128,1,2025-12-30 12:51:33,true,
rollout,0,160.44,431,2829,4,2025-12-30 12:51:33,true,
rounding,0,148.438,431,1128,1,2025-12-30 12:51:34,true,
roundtable,0,140.674,431,1128,1,2025-12-30 12:51:34,true,
rule,0,155.904,431,1694,2,2025-12-30 12:51:34,true,
rumor,0,151.928,431,2261,3,2025-12-30 12:51:34,true,
rumors,0,158.417,431,1692,2,2025-12-30 12:51:35,true,
rumours,0,142.32,431,1694,2,2025-12-30 12:51:35,true,
running,0,142.071,431,1128,1,2025-12-30 12:51:35,true,
s+p,0,148.407,431,1126,1,2025-12-30 12:51:35,true,
sailing,0,180.561,431,5660,9,2025-12-30 12:51:36,true,
sale,0,168.113,431,5097,8,2025-12-30 12:51:36,true,
sales,0,162.063,431,3963,6,2025-12-30 12:51:36,true,
sap,0,156.21,431,3398,5,2025-12-30 12:51:36,true,
save,0,141.557,431,1128,1,2025-12-30 12:51:37,true,
savings,0,184.489,431,5100,8,2025-12-30 12:51:37,true,
schedule,0,221.304,431,18710,32,2025-12-30 12:51:37,true,
school,0,153.111,431,2263,3,2025-12-30 12:51:38,true,
screen,0,144.459,431,1697,2,2025-12-30 12:51:38,true,
screen shots,0,155.905,431,1128,1,2025-12-30 12:51:38,true,
screenshots,0,148.097,431,2264,3,2025-12-30 12:51:38,true,
scuba,0,147.1,431,2264,3,2025-12-30 12:51:39,true,
season,0,147.858,431,2264,3,2025-12-30 12:51:39,true,
seating,0,147.544,431,1128,1,2025-12-30 12:51:39,true,
seats,0,143.623,431,1695,2,2025-12-30 12:51:39,true,
sec,0,151.871,431,1128,1,2025-12-30 12:51:40,true,
security,0,166.917,431,2263,3,2025-12-30 12:51:40,true,
see,0,158.272,431,1128,1,2025-12-30 12:51:40,true,
sell,0,180.629,431,7933,13,2025-12-30 12:51:41,true,
sells,0,155.544,431,1128,1,2025-12-30 12:51:41,true,
seminar,0,157.355,431,1695,2,2025-12-30 12:51:41,true,
send,0,164.067,431,1699,2,2025-12-30 12:51:41,true,
service,0,182.094,431,6798,11,2025-12-30 12:51:42,true,
services,0,157.381,431,1130,1,2025-12-30 12:51:42,true,
setstlements,0,166.449,431,1697,2,2025-12-30 12:51:42,true,
settlement,0,158.05,431,1128,1,2025-12-30 12:51:43,true,
settlements,0,153.214,431,2262,3,2025-12-30 12:51:43,true,
severance,0,155.854,431,2261,3,2025-12-30 12:51:43,true,
shankman,0,157.185,431,2262,3,2025-12-30 12:51:43,true,
share,0,170.671,431,5101,8,2025-12-30 12:51:44,true,
shipping,0,162.871,431,4526,7,2025-12-30 12:51:44,true,
shit,0,143.572,431,1695,2,2025-12-30 12:51:44,true,
shithead,0,151.687,431,1128,1,2025-12-30 12:51:44,true,
shop,0,141.731,431,1694,2,2025-12-30 12:51:45,true,
shopping,0,147.876,431,1127,1,2025-12-30 12:51:45,true,
shorts,0,177.69,431,9635,16,2025-12-30 12:51:45,true,
shows,0,139.32,431,1128,1,2025-12-30 12:51:45,true,
shut-in,0,145.729,431,1128,1,2025-12-30 12:51:46,true,
shuttlesworth,0,144.409,431,1128,1,2025-12-30 12:51:46,true,
sick,0,144.122,431,1128,1,2025-12-30 12:51:46,true,
silverman,0,151.012,431,1128,1,2025-12-30 12:51:46,true,
simulation,0,157.53,431,3395,5,2025-12-30 12:51:47,true,
sixth,0,174.797,431,2829,4,2025-12-30 12:51:47,true,
skilling,0,140.593,431,1128,1,2025-12-30 12:51:47,true,
sleep,0,142.947,431,1697,2,2025-12-30 12:51:47,true,
slide,0,143.834,431,2261,3,2025-12-30 12:51:48,true,
slow,0,150.117,431,2265,3,2025-12-30 12:51:48,true,
small,0,150.231,431,2260,3,2025-12-30 12:51:48,true,
small ventures,0,149.314,431,1128,1,2025-12-30 12:51:48,true,
smith Barney,0,138.954,431,1126,1,2025-12-30 12:51:49,true,
smith barney,0,138.067,431,1697,2,2025-12-30 12:51:49,true,
smoothie,0,145.491,431,1697,2,2025-12-30 12:51:49,true,
snooze,0,144.43,431,1126,1,2025-12-30 12:51:49,true,
soccer,0,170.59,431,6224,10,2025-12-30 12:51:50,true,
software,0,162.554,431,6229,10,2025-12-30 12:51:50,true,
sonoco,0,164.312,431,1128,1,2025-12-30 12:51:50,true,
sony,0,155.751,431,1695,2,2025-12-30 12:51:51,true,
sorry,0,142.542,431,1128,1,2025-12-30 12:51:51,true,
sort,0,163.28,431,2263,3,2025-12-30 12:51:51,true,
source,0,153.402,431,1128,1,2025-12-30 12:51:51,true,
southamerica,0,146.71,431,1128,1,2025-12-30 12:51:52,true,
sparesFinder,0,149.104,431,1695,2,2025-12-30 12:51:52,true,
spark,0,146.616,431,1128,1,2025-12-30 12:51:52,true,
speakers,0,151.435,431,1128,1,2025-12-30 12:51:52,true,
specials,0,160.519,431,1695,2,2025-12-30 12:51:53,true,
specs,0,153.701,431,1694,2,2025-12-30 12:51:53,true,
spending,0,142.894,431,1695,2,2025-12-30 12:51:53,true,
split connect,0,145.62,431,1694,2,2025-12-30 12:51:53,true,
splitconnect,0,144.711,431,1130,1,2025-12-30 12:51:54,true,
sponsorship,0,165.32,431,2833,4,2025-12-30 12:51:54,true,
spread,0,176.269,431,6794,11,2025-12-30 12:51:54,true,
spreads,0,162.952,431,7363,12,2025-12-30 12:51:54,true,
spreadsheet,0,165.747,431,6799,11,2025-12-30 12:51:55,true,
spring recruiting,0,150.024,463,1729,2,2025-12-30 12:51:55,true,
st. croix,0,139.957,431,1128,1,2025-12-30 12:51:55,true,
st. croix refinery,0,139.261,463,1160,1,2025-12-30 12:51:55,true,
stadium,0,139.805,431,1128,1,2025-12-30 12:51:56,true,
statement,0,145.12,431,1697,2,2025-12-30 12:51:56,true,
status,0,160.056,431,5101,8,2025-12-30 12:51:56,true,
stcroix,0,142.561,431,1128,1,2025-12-30 12:51:56,true,
steel,0,137.369,431,1128,1,2025-12-30 12:51:57,true,
stew,0,137.963,431,1694,2,2025-12-30 12:51:57,true,
stl,0,145.117,431,1127,1,2025-12-30 12:51:57,true,
stock,0,179.255,431,5660,9,2025-12-30 12:51:57,true,
stop,0,147.001,431,2262,3,2025-12-30 12:51:58,true,
stop.by,0,142.123,431,1128,1,2025-12-30 12:51:58,true,
storage,0,180.437,431,5093,8,2025-12-30 12:51:58,true,
straddles,0,137.575,431,1125,1,2025-12-30 12:51:59,true,
strategic,0,139.759,431,1127,1,2025-12-30 12:51:59,true,
strategy,0,150.951,431,3400,5,2025-12-30 12:51:59,true,
stress,0,146.242,431,3963,6,2025-12-30 12:51:59,true,
strike,0,143.748,431,1127,1,2025-12-30 12:52:00,true,
stupid,0,150.897,431,1128,1,2025-12-30 12:52:00,true,
subscription,0,155.742,431,3392,5,2025-12-30 12:52:00,true,
substantiation,0,139.166,431,2260,3,2025-12-30 12:52:00,true,
sugar,0,147.593,431,2260,3,2025-12-30 12:52:01,true,
suicide,0,151.896,431,2828,4,2025-12-30 12:52:01,true,
suite,0,145.079,431,2262,3,2025-12-30 12:52:01,true,
summary,0,144.542,431,1697,2,2025-12-30 12:52:01,true,
summer,0,147.998,431,1130,1,2025-12-30 12:52:02,true,
sun,0,142.052,431,1128,1,2025-12-30 12:52:02,true,
sunday,0,160.834,431,2831,4,2025-12-30 12:52:02,true,
super bowl,0,156.97,431,2261,3,2025-12-30 12:52:02,true,
supply,0,150.328,431,1128,1,2025-12-30 12:52:03,true,
support,0,158.568,431,3958,6,2025-12-30 12:52:03,true,
surprise,0,145.767,431,1128,1,2025-12-30 12:52:03,true,
survey,0,210.279,431,13591,23,2025-12-30 12:52:03,true,
sushi,0,148.885,431,1695,2,2025-12-30 12:52:04,true,
swap,0,164.571,431,5099,8,2025-12-30 12:52:04,true,
swaps,0,189.481,431,9067,15,2025-12-30 12:52:04,true,
swaption,0,148.302,431,1128,1,2025-12-30 12:52:05,true,
swaptions,0,152.149,431,1693,2,2025-12-30 12:52:05,true,
switching,0,154.314,431,2833,4,2025-12-30 12:52:05,true,
syndicate,0,147.309,431,1128,1,2025-12-30 12:52:05,true,
system,0,153.985,431,2262,3,2025-12-30 12:52:06,true,
talk,0,149.393,431,2262,3,2025-12-30 12:52:06,true,
tampa,0,152.164,431,1127,1,2025-12-30 12:52:06,true,
target,0,154.498,431,1695,2,2025-12-30 12:52:06,true,
task,0,140.439,431,1128,1,2025-12-30 12:52:07,true,
taste,0,157.539,431,3396,5,2025-12-30 12:52:07,true,
tax,0,146.223,431,1694,2,2025-12-30 12:52:07,true,
taxes,0,145.562,431,2264,3,2025-12-30 12:52:07,true,
tb,0,142.214,431,1128,1,2025-12-30 12:52:08,true,
team,0,137.388,431,1126,1,2025-12-30 12:52:08,true,
tease,0,148.354,431,1694,2,2025-12-30 12:52:08,true,
techscapes,0,150.886,431,1128,1,2025-12-30 12:52:08,true,
telephone,0,157.278,431,2262,3,2025-12-30 12:52:09,true,
telephone Interviews,0,165.026,463,1725,2,2025-12-30 12:52:09,true,
tender,0,162.256,431,1695,2,2025-12-30 12:52:09,true,
tenn,0,153.209,431,1128,1,2025-12-30 12:52:09,true,
tennessee,0,162.894,431,1128,1,2025-12-30 12:52:10,true,
term sheet,0,159.954,431,1695,2,2025-12-30 12:52:10,true,
terminating Trades,0,146.586,463,1725,2,2025-12-30 12:52:10,true,
terms,0,167.531,431,1128,1,2025-12-30 12:52:10,true,
terrible,0,161.304,431,2262,3,2025-12-30 12:52:11,true,
terrorism,0,154.68,431,1126,1,2025-12-30 12:52:11,true,
test,0,192.453,431,6228,10,2025-12-30 12:52:11,true,
thank you,0,158.983,431,1693,2,2025-12-30 12:52:12,true,
thanks,0,202.251,431,10768,18,2025-12-30 12:52:12,true,
thanksgiving,0,170.365,431,5099,8,2025-12-30 12:52:12,true,
thankyou,0,150.708,431,1695,2,2025-12-30 12:52:13,true,
there,0,156.835,431,1695,2,2025-12-30 12:52:13,true,
thoughts,0,154.717,431,1130,1,2025-12-30 12:52:13,true,
ticket,0,156.789,431,3395,5,2025-12-30 12:52:13,true,
tickets,0,240.32,431,20971,36,2025-12-30 12:52:14,true,
time,0,157.135,431,5663,9,2025-12-30 12:52:14,true,
timing,0,148.639,431,1128,1,2025-12-30 12:52:14,true,
tix,0,197.038,431,13029,22,2025-12-30 12:52:15,true,
toasted,0,153.116,431,1128,1,2025-12-30 12:52:15,true,
today,0,166.864,431,1697,2,2025-12-30 12:52:15,true,
today show,0,175.614,431,1127,1,2025-12-30 12:52:15,true,
today-show,0,168.957,431,1126,1,2025-12-30 12:52:16,true,
tomorrow,0,172.445,431,2264,3,2025-12-30 12:52:16,true,
tonight,0,181.848,431,3961,6,2025-12-30 12:52:16,true,
tony,0,143.875,431,2261,3,2025-12-30 12:52:17,true,
tony's,0,141.071,431,2261,3,2025-12-30 12:52:17,true,
tonys,0,153.666,431,1694,2,2025-12-30 12:52:17,true,
top,0,137.958,431,1128,1,2025-12-30 12:52:17,true,
toronto,0,140.491,431,1128,1,2025-12-30 12:52:18,true,
tour,0,144.969,431,1130,1,2025-12-30 12:52:18,true,
town,0,163.833,431,6229,10,2025-12-30 12:52:18,true,
trade,0,260.034,431,28919,50,2025-12-30 12:52:18,true,
trader,0,171.433,431,6237,10,2025-12-30 12:52:19,true,
traders,0,156.618,431,2829,4,2025-12-30 12:52:19,true,
trades,0,249.759,431,21546,37,2025-12-30 12:52:19,true,
trading,0,364.042,431,52159,91,2025-12-30 12:52:20,true,
tragedy,0,157.736,431,1695,2,2025-12-30 12:52:21,true,
training,0,175.106,431,7929,13,2025-12-30 12:52:21,true,
transaction,0,163.206,431,3961,6,2025-12-30 12:52:21,true,
transactions,0,170.19,431,2829,4,2025-12-30 12:52:22,true,
travel,0,194.412,431,5097,8,2025-12-30 12:52:22,true,
treasures,0,156.649,431,1128,1,2025-12-30 12:52:22,true,
trip,0,167.348,431,1695,2,2025-12-30 12:52:23,true,
trucking,0,152.401,431,1128,1,2025-12-30 12:52:23,true,
truckings,0,169.427,431,1128,1,2025-12-30 12:52:23,true,
trunk,0,145.099,431,1128,1,2025-12-30 12:52:23,true,
trust,0,152.08,431,1128,1,2025-12-30 12:52:24,true,
trv,0,157.804,431,4534,7,2025-12-30 12:52:24,true,
turf,0,147.323,431,2263,3,2025-12-30 12:52:24,true,
tutor,0,142.907,431,1695,2,2025-12-30 12:52:24,true,
tutoring,0,153.582,431,2264,3,2025-12-30 12:52:25,true,
tutors,0,145.103,431,1126,1,2025-12-30 12:52:25,true,
txu,0,151.021,431,2262,3,2025-12-30 12:52:25,true,
u2,0,159.882,431,2828,4,2025-12-30 12:52:25,true,
ubs/o'connor,0,0,0,0,0,2025-12-30 12:52:26,false,客户端生成搜索令牌失败
uk,0,165.395,431,1127,1,2025-12-30 12:52:26,true,
universal,0,156.994,431,1126,1,2025-12-30 12:52:26,true,
unleaded,0,157.754,431,1130,1,2025-12-30 12:52:26,true,
unsubscribe,0,155.551,431,1697,2,2025-12-30 12:52:26,true,
update,0,216.213,431,14161,24,2025-12-30 12:52:27,true,
updates,0,153.424,431,2262,3,2025-12-30 12:52:27,true,
upgrade,0,154.033,431,1691,2,2025-12-30 12:52:27,true,
urgent,0,163.399,431,5096,8,2025-12-30 12:52:28,true,
urgentnotice,0,144.418,431,1128,1,2025-12-30 12:52:28,true,
utilities,0,157.71,431,2264,3,2025-12-30 12:52:28,true,
utility,0,163.308,431,1695,2,2025-12-30 12:52:28,true,
v/x,0,0,0,0,0,2025-12-30 12:52:29,false,客户端生成搜索令牌失败
vacation,0,193.184,431,10196,17,2025-12-30 12:52:29,true,
vaccinations,0,152.257,431,1130,1,2025-12-30 12:52:29,true,
valentine,0,161.449,431,2260,3,2025-12-30 12:52:29,true,
value,0,176.603,431,3398,5,2025-12-30 12:52:30,true,
vanderbilt,0,139.771,431,1127,1,2025-12-30 12:52:30,true,
vanguard,0,150.97,431,2262,3,2025-12-30 12:52:30,true,
var,0,182.175,431,9623,16,2025-12-30 12:52:30,true,
var)r,0,141.109,431,1128,1,2025-12-30 12:52:31,true,
var)risk,0,139.13,431,1129,1,2025-12-30 12:52:31,true,
var>r,0,134.833,431,1128,1,2025-12-30 12:52:31,true,
vard metodology,0,141.444,431,1128,1,2025-12-30 12:52:31,true,
varr,0,145.178,431,2262,3,2025-12-30 12:52:32,true,
vegas,0,154.36,431,3968,6,2025-12-30 12:52:32,true,
venezuela,0,152.536,431,2827,4,2025-12-30 12:52:32,true,
venture,0,155.245,431,1130,1,2025-12-30 12:52:32,true,
version,0,149.274,431,1126,1,2025-12-30 12:52:33,true,
vicious,0,146.79,431,1128,1,2025-12-30 12:52:33,true,
video,0,167.101,431,6795,11,2025-12-30 12:52:33,true,
view,0,137.67,431,1128,1,2025-12-30 12:52:33,true,
views,0,146.28,431,2262,3,2025-12-30 12:52:34,true,
virus,0,145.78,431,1128,1,2025-12-30 12:52:34,true,
vivendi,0,147.916,431,1126,1,2025-12-30 12:52:34,true,
voicemail,0,171.692,431,1128,1,2025-12-30 12:52:34,true,
volatility,0,194.415,431,9064,15,2025-12-30 12:52:35,true,
volumes,0,154.54,431,1129,1,2025-12-30 12:52:35,true,
volunteer,0,150.351,431,1130,1,2025-12-30 12:52:35,true,
vote,0,161.734,431,2261,3,2025-12-30 12:52:36,true,
vulcan,0,158.961,431,3396,5,2025-12-30 12:52:36,true,
wager,0,198.65,431,10769,18,2025-12-30 12:52:36,true,
wait,0,152.071,431,1128,1,2025-12-30 12:52:37,true,
wallstreetjournal,0,143.359,463,1162,1,2025-12-30 12:52:37,true,
warehouse,0,152.336,431,1126,1,2025-12-30 12:52:37,true,
weather,0,229.524,431,15309,26,2025-12-30 12:52:37,true,
web,0,186.438,431,3394,5,2025-12-30 12:52:38,true,
webiste,0,153.89,431,1692,2,2025-12-30 12:52:38,true,
website,0,142.462,431,1696,2,2025-12-30 12:52:38,true,
wednesday,0,140.387,431,1128,1,2025-12-30 12:52:39,true,
week,0,144.236,431,1127,1,2025-12-30 12:52:39,true,
weekend,0,143.874,431,2828,4,2025-12-30 12:52:39,true,
weekly,0,142.142,431,1695,2,2025-12-30 12:52:39,true,
welcome,0,158.377,431,1695,2,2025-12-30 12:52:40,true,
wellness,0,151.617,431,1128,1,2025-12-30 12:52:40,true,
west,0,150.382,431,2262,3,2025-12-30 12:52:40,true,
when,0,140.841,431,1128,1,2025-12-30 12:52:40,true,
willow,0,140.62,431,1128,1,2025-12-30 12:52:41,true,
win,0,167.305,431,3967,6,2025-12-30 12:52:41,true,
wine,0,224.292,431,16998,29,2025-12-30 12:52:41,true,
winebid,0,145.968,431,1697,2,2025-12-30 12:52:41,true,
winebid.com,0,148.192,431,1695,2,2025-12-30 12:52:42,true,
wines,0,159.605,431,2823,4,2025-12-30 12:52:42,true,
winning,0,154.338,431,1696,2,2025-12-30 12:52:42,true,
winter,0,147.016,431,1127,1,2025-12-30 12:52:42,true,
wish list,0,148.355,431,1128,1,2025-12-30 12:52:43,true,
work,0,204.053,431,15297,26,2025-12-30 12:52:43,true,
workflow,0,141.952,431,1126,1,2025-12-30 12:52:43,true,
working,0,165.178,431,2831,4,2025-12-30 12:52:44,true,
workout,0,160.548,431,3397,5,2025-12-30 12:52:44,true,
workplace,0,142.822,431,1128,1,2025-12-30 12:52:44,true,
workshops,0,156.527,431,1695,2,2025-12-30 12:52:44,true,
world cup,0,158.867,431,1695,2,2025-12-30 12:52:45,true,
worldcup,0,167.813,431,1697,2,2025-12-30 12:52:45,true,
worldmarkets,0,155.623,431,1128,1,2025-12-30 12:52:45,true,
wtc,0,149.184,431,1126,1,2025-12-30 12:52:45,true,
wti,0,162.848,431,2828,4,2025-12-30 12:52:46,true,
wv,0,152.247,431,1695,2,2025-12-30 12:52:46,true,
wx,0,155.147,431,1697,2,2025-12-30 12:52:46,true,
xls,0,149.198,431,1695,2,2025-12-30 12:52:47,true,
xmas,0,146.454,431,1128,1,2025-12-30 12:52:47,true,
yahoo,0,163.876,431,2829,4,2025-12-30 12:52:47,true,
yahoo!,0,152.127,431,2826,4,2025-12-30 12:52:47,true,
yahooinstantmessaging,0,147.423,463,1162,1,2025-12-30 12:52:48,true,
year,0,149.822,431,2829,4,2025-12-30 12:52:48,true,
year-end,0,161.461,431,1128,1,2025-12-30 12:52:48,true,
yell,0,157.063,431,1128,1,2025-12-30 12:52:48,true,
天然气,0,155.024,431,1697,2,2025-12-30 12:52:49,true,
